107440,DalaiLama,http://twitter.com/DalaiLama/status/1174979097513955335
809,XrLeicester,http://twitter.com/XrLeicester/status/1177740442059837440
380,XRBerlin,http://twitter.com/XRBerlin/status/1178561676888723456
342,ExtinctionR,http://twitter.com/ExtinctionR/status/1178304064167317504
273,XR_Aufstand,http://twitter.com/XR_Aufstand/status/1178248705041936385
234,XRBerlin,http://twitter.com/XRBerlin/status/1178578724981264385
233,XRebellionUK,http://twitter.com/XRebellionUK/status/1178347215229718534
188,XRHackney,http://twitter.com/XRHackney/status/1178302016516427776
186,xr_seq,http://twitter.com/xr_seq/status/1178446048907317248
179,ExtinctionR,http://twitter.com/ExtinctionR/status/1178631102153576448
